Class;Type;mSQI_t-3;mSQI_t-2;mSQI_t-1;mSQI_t0;mSQI_t1;mSQI_t2;mSQI_t3;PowerArm_t-3;PowerArm_t-2;PowerArm_t-1;PowerArm_t0;PowerArm_t1;PowerArm_t2;PowerArm_t3;PowerSternum_t-3;PowerSternum_t-2;PowerSternum_t-1;PowerSternum_t0;PowerSternum_t1;PowerSternum_t2;PowerSternum_t3
0.93;1;0.934832267831003;0.940220085247989;0.939752509627786;0.927997347068333;0.935607555718047;0.943421923016061;0.937612555227524;0.00275866464741962;0.00293321403246688;0.00266443340374193;0.00270165693408331;0.00272258173489874;0.00275502139876225;0.00270494810364474;0.0039768461305578;0.00448787873361323;0.00372345447255715;0.00374077531341957;0.00373452849023879;0.00364895796043688;0.00373080053282723
0.93;1;0.940220085247989;0.939752509627786;0.927997347068333;0.935607555718047;0.943421923016061;0.937612555227524;0.937229749576609;0.00293321403246688;0.00266443340374193;0.00270165693408331;0.00272258173489874;0.00275502139876225;0.00270494810364474;0.00271926830776686;0.00448787873361323;0.00372345447255715;0.00374077531341957;0.00373452849023879;0.00364895796043688;0.00373080053282723;0.00368517942371655
0.93;1;0.939752509627786;0.927997347068333;0.935607555718047;0.943421923016061;0.937612555227524;0.937229749576609;0.937570673848837;0.00266443340374193;0.00270165693408331;0.00272258173489874;0.00275502139876225;0.00270494810364474;0.00271926830776686;0.00270667670477084;0.00372345447255715;0.00374077531341957;0.00373452849023879;0.00364895796043688;0.00373080053282723;0.00368517942371655;0.00368291686247356
0.93;1;0.927997347068333;0.935607555718047;0.943421923016061;0.937612555227524;0.937229749576609;0.937570673848837;0.937705252611388;0.00270165693408331;0.00272258173489874;0.00275502139876225;0.00270494810364474;0.00271926830776686;0.00270667670477084;0.0142075156965355;0.00374077531341957;0.00373452849023879;0.00364895796043688;0.00373080053282723;0.00368517942371655;0.00368291686247356;0.00596401504164728
0.93;1;0.935607555718047;0.943421923016061;0.937612555227524;0.937229749576609;0.937570673848837;0.937705252611388;0.146418953597228;0.00272258173489874;0.00275502139876225;0.00270494810364474;0.00271926830776686;0.00270667670477084;0.0142075156965355;0.0528499765277008;0.00373452849023879;0.00364895796043688;0.00373080053282723;0.00368517942371655;0.00368291686247356;0.00596401504164728;0.0358413321689744
0.93;1;0.943421923016061;0.937612555227524;0.937229749576609;0.937570673848837;0.937705252611388;0.146418953597228;0.616490228032715;0.00275502139876225;0.00270494810364474;0.00271926830776686;0.00270667670477084;0.0142075156965355;0.0528499765277008;0.0684925945584651;0.00364895796043688;0.00373080053282723;0.00368517942371655;0.00368291686247356;0.00596401504164728;0.0358413321689744;0.0598525812589744
0.93;1;0.937612555227524;0.937229749576609;0.937570673848837;0.937705252611388;0.146418953597228;0.616490228032715;0.67002512197402;0.00270494810364474;0.00271926830776686;0.00270667670477084;0.0142075156965355;0.0528499765277008;0.0684925945584651;0.110453631761882;0.00373080053282723;0.00368517942371655;0.00368291686247356;0.00596401504164728;0.0358413321689744;0.0598525812589744;0.0276755892798667
0.93;1;0.937229749576609;0.937570673848837;0.937705252611388;0.146418953597228;0.616490228032715;0.67002512197402;0.732113806558442;0.00271926830776686;0.00270667670477084;0.0142075156965355;0.0528499765277008;0.0684925945584651;0.110453631761882;0.0500616969147345;0.00368517942371655;0.00368291686247356;0.00596401504164728;0.0358413321689744;0.0598525812589744;0.0276755892798667;0.0414584637526188
0.93;1;0.937570673848837;0.937705252611388;0.146418953597228;0.616490228032715;0.67002512197402;0.732113806558442;0.188479279172106;0.00270667670477084;0.0142075156965355;0.0528499765277008;0.0684925945584651;0.110453631761882;0.0500616969147345;0.0487591394387949;0.00368291686247356;0.00596401504164728;0.0358413321689744;0.0598525812589744;0.0276755892798667;0.0414584637526188;0.0429471375169112
0.93;1;0.937705252611388;0.146418953597228;0.616490228032715;0.67002512197402;0.732113806558442;0.188479279172106;0.491191604909592;0.0142075156965355;0.0528499765277008;0.0684925945584651;0.110453631761882;0.0500616969147345;0.0487591394387949;0.0439313521684456;0.00596401504164728;0.0358413321689744;0.0598525812589744;0.0276755892798667;0.0414584637526188;0.0429471375169112;0.0456316582089078
0.93;1;0.146418953597228;0.616490228032715;0.67002512197402;0.732113806558442;0.188479279172106;0.491191604909592;0.494640364760877;0.0528499765277008;0.0684925945584651;0.110453631761882;0.0500616969147345;0.0487591394387949;0.0439313521684456;0.0410937892778937;0.0358413321689744;0.0598525812589744;0.0276755892798667;0.0414584637526188;0.0429471375169112;0.0456316582089078;0.0357647184111643
0.93;1;0.616490228032715;0.67002512197402;0.732113806558442;0.188479279172106;0.491191604909592;0.494640364760877;0.488655892673174;0.0684925945584651;0.110453631761882;0.0500616969147345;0.0487591394387949;0.0439313521684456;0.0410937892778937;0.0518781335213196;0.0598525812589744;0.0276755892798667;0.0414584637526188;0.0429471375169112;0.0456316582089078;0.0357647184111643;0.0465047829104907
0.93;1;0.67002512197402;0.732113806558442;0.188479279172106;0.491191604909592;0.494640364760877;0.488655892673174;0.484032664971104;0.110453631761882;0.0500616969147345;0.0487591394387949;0.0439313521684456;0.0410937892778937;0.0518781335213196;0.0416128141241322;0.0276755892798667;0.0414584637526188;0.0429471375169112;0.0456316582089078;0.0357647184111643;0.0465047829104907;0.0374252093425473
0.93;1;0.732113806558442;0.188479279172106;0.491191604909592;0.494640364760877;0.488655892673174;0.484032664971104;0.51244465010987;0.0500616969147345;0.0487591394387949;0.0439313521684456;0.0410937892778937;0.0518781335213196;0.0416128141241322;0.0339269232191255;0.0414584637526188;0.0429471375169112;0.0456316582089078;0.0357647184111643;0.0465047829104907;0.0374252093425473;0.0366458643198382
0.93;1;0.188479279172106;0.491191604909592;0.494640364760877;0.488655892673174;0.484032664971104;0.51244465010987;0.391166614837301;0.0487591394387949;0.0439313521684456;0.0410937892778937;0.0518781335213196;0.0416128141241322;0.0339269232191255;0.0363725940547578;0.0429471375169112;0.0456316582089078;0.0357647184111643;0.0465047829104907;0.0374252093425473;0.0366458643198382;0.0363340818014758
0.93;1;0.491191604909592;0.494640364760877;0.488655892673174;0.484032664971104;0.51244465010987;0.391166614837301;0.63627648726793;0.0439313521684456;0.0410937892778937;0.0518781335213196;0.0416128141241322;0.0339269232191255;0.0363725940547578;0.0345942133864755;0.0456316582089078;0.0357647184111643;0.0465047829104907;0.0374252093425473;0.0366458643198382;0.0363340818014758;0.0354129525181735
0.93;1;0.494640364760877;0.488655892673174;0.484032664971104;0.51244465010987;0.391166614837301;0.63627648726793;0.67864671375882;0.0410937892778937;0.0518781335213196;0.0416128141241322;0.0339269232191255;0.0363725940547578;0.0345942133864755;0.0330894306620416;0.0357647184111643;0.0465047829104907;0.0374252093425473;0.0366458643198382;0.0363340818014758;0.0354129525181735;0.0322435917516759
0.93;1;0.488655892673174;0.484032664971104;0.51244465010987;0.391166614837301;0.63627648726793;0.67864671375882;0.178918371994858;0.0518781335213196;0.0416128141241322;0.0339269232191255;0.0363725940547578;0.0345942133864755;0.0330894306620416;0.0343406817752096;0.0465047829104907;0.0374252093425473;0.0366458643198382;0.0363340818014758;0.0354129525181735;0.0322435917516759;0.037141274386456
0.93;1;0.484032664971104;0.51244465010987;0.391166614837301;0.63627648726793;0.67864671375882;0.178918371994858;0.718294234127644;0.0416128141241322;0.0339269232191255;0.0363725940547578;0.0345942133864755;0.0330894306620416;0.0343406817752096;0.0369076937383148;0.0374252093425473;0.0366458643198382;0.0363340818014758;0.0354129525181735;0.0322435917516759;0.037141274386456;0.0329341523062522
0.93;1;0.51244465010987;0.391166614837301;0.63627648726793;0.67864671375882;0.178918371994858;0.718294234127644;0.878888209388784;0.0339269232191255;0.0363725940547578;0.0345942133864755;0.0330894306620416;0.0343406817752096;0.0369076937383148;0.0335847700450982;0.0366458643198382;0.0363340818014758;0.0354129525181735;0.0322435917516759;0.037141274386456;0.0329341523062522;0.0318857923725158
0.93;1;0.391166614837301;0.63627648726793;0.67864671375882;0.178918371994858;0.718294234127644;0.878888209388784;0.748860655203304;0.0363725940547578;0.0345942133864755;0.0330894306620416;0.0343406817752096;0.0369076937383148;0.0335847700450982;0.0453373174251151;0.0363340818014758;0.0354129525181735;0.0322435917516759;0.037141274386456;0.0329341523062522;0.0318857923725158;0.0396778921613337
0.93;1;0.63627648726793;0.67864671375882;0.178918371994858;0.718294234127644;0.878888209388784;0.748860655203304;0.684248138176874;0.0345942133864755;0.0330894306620416;0.0343406817752096;0.0369076937383148;0.0335847700450982;0.0453373174251151;0.043170217259227;0.0354129525181735;0.0322435917516759;0.037141274386456;0.0329341523062522;0.0318857923725158;0.0396778921613337;0.0380758759798464
0.93;1;0.67864671375882;0.178918371994858;0.718294234127644;0.878888209388784;0.748860655203304;0.684248138176874;0.202075068173446;0.0330894306620416;0.0343406817752096;0.0369076937383148;0.0335847700450982;0.0453373174251151;0.043170217259227;0.0481983249885688;0.0322435917516759;0.037141274386456;0.0329341523062522;0.0318857923725158;0.0396778921613337;0.0380758759798464;0.0469687282991535
0.93;1;0.178918371994858;0.718294234127644;0.878888209388784;0.748860655203304;0.684248138176874;0.202075068173446;0.895322829416294;0.0343406817752096;0.0369076937383148;0.0335847700450982;0.0453373174251151;0.043170217259227;0.0481983249885688;0.045764362216258;0.037141274386456;0.0329341523062522;0.0318857923725158;0.0396778921613337;0.0380758759798464;0.0469687282991535;0.0409472640034739
0.93;1;0.718294234127644;0.878888209388784;0.748860655203304;0.684248138176874;0.202075068173446;0.895322829416294;0.657187878914882;0.0369076937383148;0.0335847700450982;0.0453373174251151;0.043170217259227;0.0481983249885688;0.045764362216258;0.0509059077622987;0.0329341523062522;0.0318857923725158;0.0396778921613337;0.0380758759798464;0.0469687282991535;0.0409472640034739;0.0432813170548106
0.93;1;0.878888209388784;0.748860655203304;0.684248138176874;0.202075068173446;0.895322829416294;0.657187878914882;0.791212464167859;0.0335847700450982;0.0453373174251151;0.043170217259227;0.0481983249885688;0.045764362216258;0.0509059077622987;0.0440297930171787;0.0318857923725158;0.0396778921613337;0.0380758759798464;0.0469687282991535;0.0409472640034739;0.0432813170548106;0.0387061838866438
0.93;1;0.748860655203304;0.684248138176874;0.202075068173446;0.895322829416294;0.657187878914882;0.791212464167859;0.818341390190956;0.0453373174251151;0.043170217259227;0.0481983249885688;0.045764362216258;0.0509059077622987;0.0440297930171787;0.0537357242684765;0.0396778921613337;0.0380758759798464;0.0469687282991535;0.0409472640034739;0.0432813170548106;0.0387061838866438;0.050372742176146
0.93;1;0.684248138176874;0.202075068173446;0.895322829416294;0.657187878914882;0.791212464167859;0.818341390190956;0.54614450589819;0.043170217259227;0.0481983249885688;0.045764362216258;0.0509059077622987;0.0440297930171787;0.0537357242684765;0.0417768181072002;0.0380758759798464;0.0469687282991535;0.0409472640034739;0.0432813170548106;0.0387061838866438;0.050372742176146;0.0393846953018875
0.93;1;0.202075068173446;0.895322829416294;0.657187878914882;0.791212464167859;0.818341390190956;0.54614450589819;0.12469386103842;0.0481983249885688;0.045764362216258;0.0509059077622987;0.0440297930171787;0.0537357242684765;0.0417768181072002;0.033200268753397;0.0469687282991535;0.0409472640034739;0.0432813170548106;0.0387061838866438;0.050372742176146;0.0393846953018875;0.0352439384406423
0.93;1;0.895322829416294;0.657187878914882;0.791212464167859;0.818341390190956;0.54614450589819;0.12469386103842;0.866579651988842;0.045764362216258;0.0509059077622987;0.0440297930171787;0.0537357242684765;0.0417768181072002;0.033200268753397;0.0271525134272511;0.0409472640034739;0.0432813170548106;0.0387061838866438;0.050372742176146;0.0393846953018875;0.0352439384406423;0.0271745133312185
0.93;1;0.657187878914882;0.791212464167859;0.818341390190956;0.54614450589819;0.12469386103842;0.866579651988842;0.142919498039831;0.0509059077622987;0.0440297930171787;0.0537357242684765;0.0417768181072002;0.033200268753397;0.0271525134272511;0.0325721559983909;0.0432813170548106;0.0387061838866438;0.050372742176146;0.0393846953018875;0.0352439384406423;0.0271745133312185;0.0351952454576124
0.93;1;0.791212464167859;0.818341390190956;0.54614450589819;0.12469386103842;0.866579651988842;0.142919498039831;0.850468688365197;0.0440297930171787;0.0537357242684765;0.0417768181072002;0.033200268753397;0.0271525134272511;0.0325721559983909;0.0293358976417278;0.0387061838866438;0.050372742176146;0.0393846953018875;0.0352439384406423;0.0271745133312185;0.0351952454576124;0.0279585662375466
0.93;1;0.818341390190956;0.54614450589819;0.12469386103842;0.866579651988842;0.142919498039831;0.850468688365197;0.858513750997827;0.0537357242684765;0.0417768181072002;0.033200268753397;0.0271525134272511;0.0325721559983909;0.0293358976417278;0.0241705022589729;0.050372742176146;0.0393846953018875;0.0352439384406423;0.0271745133312185;0.0351952454576124;0.0279585662375466;0.0248789628665455
0.93;1;0.54614450589819;0.12469386103842;0.866579651988842;0.142919498039831;0.850468688365197;0.858513750997827;0.623760542929285;0.0417768181072002;0.033200268753397;0.0271525134272511;0.0325721559983909;0.0293358976417278;0.0241705022589729;0.0316206412724545;0.0393846953018875;0.0352439384406423;0.0271745133312185;0.0351952454576124;0.0279585662375466;0.0248789628665455;0.0339692194860278
0.93;1;0.12469386103842;0.866579651988842;0.142919498039831;0.850468688365197;0.858513750997827;0.623760542929285;0.714997133084756;0.033200268753397;0.0271525134272511;0.0325721559983909;0.0293358976417278;0.0241705022589729;0.0316206412724545;0.0288198224090905;0.0352439384406423;0.0271745133312185;0.0351952454576124;0.0279585662375466;0.0248789628665455;0.0339692194860278;0.0274558316095613
0.93;1;0.866579651988842;0.142919498039831;0.850468688365197;0.858513750997827;0.623760542929285;0.714997133084756;0.503738777927619;0.0271525134272511;0.0325721559983909;0.0293358976417278;0.0241705022589729;0.0316206412724545;0.0288198224090905;0.0285663828463978;0.0271745133312185;0.0351952454576124;0.0279585662375466;0.0248789628665455;0.0339692194860278;0.0274558316095613;0.0281423546419923
0.93;1;0.142919498039831;0.850468688365197;0.858513750997827;0.623760542929285;0.714997133084756;0.503738777927619;0.792403576289608;0.0325721559983909;0.0293358976417278;0.0241705022589729;0.0316206412724545;0.0288198224090905;0.0285663828463978;0.0467309639273596;0.0351952454576124;0.0279585662375466;0.0248789628665455;0.0339692194860278;0.0274558316095613;0.0281423546419923;0.045242071297293
0.87;1;0.793300226330682;0.79321652020861;0.793618909250951;0.793503204452656;0.809927880583868;0.793552088630834;0.816068621465964;0.00275041568772029;0.00277900310609651;0.00277566391603173;0.00291914877592421;0.00278669817435549;0.00280581973583408;0.00276775058080155;0.00351896562595438;0.00361185534446954;0.00364098021465272;0.00359533280386977;0.00363606060729411;0.00358394037751256;0.00349636369468085
0.87;1;0.79321652020861;0.793618909250951;0.793503204452656;0.809927880583868;0.793552088630834;0.816068621465964;0.793659880094381;0.00277900310609651;0.00277566391603173;0.00291914877592421;0.00278669817435549;0.00280581973583408;0.00276775058080155;0.00278523137002849;0.00361185534446954;0.00364098021465272;0.00359533280386977;0.00363606060729411;0.00358394037751256;0.00349636369468085;0.00351893938285309
0.87;1;0.793618909250951;0.793503204452656;0.809927880583868;0.793552088630834;0.816068621465964;0.793659880094381;0.801110887002036;0.00277566391603173;0.00291914877592421;0.00278669817435549;0.00280581973583408;0.00276775058080155;0.00278523137002849;0.00274680521797987;0.00364098021465272;0.00359533280386977;0.00363606060729411;0.00358394037751256;0.00349636369468085;0.00351893938285309;0.00355082560149911
0.87;1;0.793503204452656;0.809927880583868;0.793552088630834;0.816068621465964;0.793659880094381;0.801110887002036;0.795332793976132;0.00291914877592421;0.00278669817435549;0.00280581973583408;0.00276775058080155;0.00278523137002849;0.00274680521797987;0.00376484815895532;0.00359533280386977;0.00363606060729411;0.00358394037751256;0.00349636369468085;0.00351893938285309;0.00355082560149911;0.00351132104865702
0.87;1;0.809927880583868;0.793552088630834;0.816068621465964;0.793659880094381;0.801110887002036;0.795332793976132;0.046014558658519;0.00278669817435549;0.00280581973583408;0.00276775058080155;0.00278523137002849;0.00274680521797987;0.00376484815895532;0.0403683134309725;0.00363606060729411;0.00358394037751256;0.00349636369468085;0.00351893938285309;0.00355082560149911;0.00351132104865702;0.0250515081092432
0.87;1;0.793552088630834;0.816068621465964;0.793659880094381;0.801110887002036;0.795332793976132;0.046014558658519;0.562976210141966;0.00280581973583408;0.00276775058080155;0.00278523137002849;0.00274680521797987;0.00376484815895532;0.0403683134309725;0.0324459955956983;0.00358394037751256;0.00349636369468085;0.00351893938285309;0.00355082560149911;0.00351132104865702;0.0250515081092432;0.0411024805418705
0.87;1;0.816068621465964;0.793659880094381;0.801110887002036;0.795332793976132;0.046014558658519;0.562976210141966;0.441050672701021;0.00276775058080155;0.00278523137002849;0.00274680521797987;0.00376484815895532;0.0403683134309725;0.0324459955956983;0.0308896789051777;0.00349636369468085;0.00351893938285309;0.00355082560149911;0.00351132104865702;0.0250515081092432;0.0411024805418705;0.03629313136791
0.87;1;0.793659880094381;0.801110887002036;0.795332793976132;0.046014558658519;0.562976210141966;0.441050672701021;0.776915899984642;0.00278523137002849;0.00274680521797987;0.00376484815895532;0.0403683134309725;0.0324459955956983;0.0308896789051777;0.0348865180793459;0.00351893938285309;0.00355082560149911;0.00351132104865702;0.0250515081092432;0.0411024805418705;0.03629313136791;0.038601456240432
0.87;1;0.801110887002036;0.795332793976132;0.046014558658519;0.562976210141966;0.441050672701021;0.776915899984642;0.66910415930081;0.00274680521797987;0.00376484815895532;0.0403683134309725;0.0324459955956983;0.0308896789051777;0.0348865180793459;0.0283717565409512;0.00355082560149911;0.00351132104865702;0.0250515081092432;0.0411024805418705;0.03629313136791;0.038601456240432;0.0376087208450533
0.87;1;0.795332793976132;0.046014558658519;0.562976210141966;0.441050672701021;0.776915899984642;0.66910415930081;0.517538690386448;0.00376484815895532;0.0403683134309725;0.0324459955956983;0.0308896789051777;0.0348865180793459;0.0283717565409512;0.0302508536682516;0.00351132104865702;0.0250515081092432;0.0411024805418705;0.03629313136791;0.038601456240432;0.0376087208450533;0.0381829488335597
0.87;1;0.046014558658519;0.562976210141966;0.441050672701021;0.776915899984642;0.66910415930081;0.517538690386448;0.662692966331244;0.0403683134309725;0.0324459955956983;0.0308896789051777;0.0348865180793459;0.0283717565409512;0.0302508536682516;0.0331786508639912;0.0250515081092432;0.0411024805418705;0.03629313136791;0.038601456240432;0.0376087208450533;0.0381829488335597;0.0401014046997191
0.87;1;0.562976210141966;0.441050672701021;0.776915899984642;0.66910415930081;0.517538690386448;0.662692966331244;0.560177960562956;0.0324459955956983;0.0308896789051777;0.0348865180793459;0.0283717565409512;0.0302508536682516;0.0331786508639912;0.0291693469923659;0.0411024805418705;0.03629313136791;0.038601456240432;0.0376087208450533;0.0381829488335597;0.0401014046997191;0.0317563754685734
0.87;1;0.441050672701021;0.776915899984642;0.66910415930081;0.517538690386448;0.662692966331244;0.560177960562956;0.722375143376639;0.0308896789051777;0.0348865180793459;0.0283717565409512;0.0302508536682516;0.0331786508639912;0.0291693469923659;0.0305439500859176;0.03629313136791;0.038601456240432;0.0376087208450533;0.0381829488335597;0.0401014046997191;0.0317563754685734;0.0345528783308524
0.87;1;0.776915899984642;0.66910415930081;0.517538690386448;0.662692966331244;0.560177960562956;0.722375143376639;0.708670021948945;0.0348865180793459;0.0283717565409512;0.0302508536682516;0.0331786508639912;0.0291693469923659;0.0305439500859176;0.0229765678047161;0.038601456240432;0.0376087208450533;0.0381829488335597;0.0401014046997191;0.0317563754685734;0.0345528783308524;0.0238526071360052
0.87;1;0.66910415930081;0.517538690386448;0.662692966331244;0.560177960562956;0.722375143376639;0.708670021948945;0.812174928069389;0.0283717565409512;0.0302508536682516;0.0331786508639912;0.0291693469923659;0.0305439500859176;0.0229765678047161;0.0307483953040646;0.0376087208450533;0.0381829488335597;0.0401014046997191;0.0317563754685734;0.0345528783308524;0.0238526071360052;0.0332191667720018
0.87;1;0.517538690386448;0.662692966331244;0.560177960562956;0.722375143376639;0.708670021948945;0.812174928069389;0.731966852208355;0.0302508536682516;0.0331786508639912;0.0291693469923659;0.0305439500859176;0.0229765678047161;0.0307483953040646;0.0276857655178022;0.0381829488335597;0.0401014046997191;0.0317563754685734;0.0345528783308524;0.0238526071360052;0.0332191667720018;0.0290476809143254
0.87;1;0.662692966331244;0.560177960562956;0.722375143376639;0.708670021948945;0.812174928069389;0.731966852208355;0.736545679703958;0.0331786508639912;0.0291693469923659;0.0305439500859176;0.0229765678047161;0.0307483953040646;0.0276857655178022;0.0196675469487984;0.0401014046997191;0.0317563754685734;0.0345528783308524;0.0238526071360052;0.0332191667720018;0.0290476809143254;0.0230282063957403
0.87;1;0.560177960562956;0.722375143376639;0.708670021948945;0.812174928069389;0.731966852208355;0.736545679703958;0.792143891634631;0.0291693469923659;0.0305439500859176;0.0229765678047161;0.0307483953040646;0.0276857655178022;0.0196675469487984;0.0295030019739561;0.0317563754685734;0.0345528783308524;0.0238526071360052;0.0332191667720018;0.0290476809143254;0.0230282063957403;0.0378181284722879
0.87;1;0.722375143376639;0.708670021948945;0.812174928069389;0.731966852208355;0.736545679703958;0.792143891634631;0.704219113831634;0.0305439500859176;0.0229765678047161;0.0307483953040646;0.0276857655178022;0.0196675469487984;0.0295030019739561;0.0302573339572597;0.0345528783308524;0.0238526071360052;0.0332191667720018;0.0290476809143254;0.0230282063957403;0.0378181284722879;0.0358933215939267
0.87;1;0.708670021948945;0.812174928069389;0.731966852208355;0.736545679703958;0.792143891634631;0.704219113831634;0.816767627085405;0.0229765678047161;0.0307483953040646;0.0276857655178022;0.0196675469487984;0.0295030019739561;0.0302573339572597;0.0259396070847986;0.0238526071360052;0.0332191667720018;0.0290476809143254;0.0230282063957403;0.0378181284722879;0.0358933215939267;0.0315643680667319
0.87;1;0.812174928069389;0.731966852208355;0.736545679703958;0.792143891634631;0.704219113831634;0.816767627085405;0.873873419532053;0.0307483953040646;0.0276857655178022;0.0196675469487984;0.0295030019739561;0.0302573339572597;0.0259396070847986;0.0235906876704348;0.0332191667720018;0.0290476809143254;0.0230282063957403;0.0378181284722879;0.0358933215939267;0.0315643680667319;0.0294289858444297
0.87;1;0.731966852208355;0.736545679703958;0.792143891634631;0.704219113831634;0.816767627085405;0.873873419532053;0.803431205848679;0.0276857655178022;0.0196675469487984;0.0295030019739561;0.0302573339572597;0.0259396070847986;0.0235906876704348;0.0218989977665123;0.0290476809143254;0.0230282063957403;0.0378181284722879;0.0358933215939267;0.0315643680667319;0.0294289858444297;0.0261652751061104
0.87;1;0.736545679703958;0.792143891634631;0.704219113831634;0.816767627085405;0.873873419532053;0.803431205848679;0.739223210982813;0.0196675469487984;0.0295030019739561;0.0302573339572597;0.0259396070847986;0.0235906876704348;0.0218989977665123;0.0233325881736328;0.0230282063957403;0.0378181284722879;0.0358933215939267;0.0315643680667319;0.0294289858444297;0.0261652751061104;0.0283347332963119
0.87;1;0.792143891634631;0.704219113831634;0.816767627085405;0.873873419532053;0.803431205848679;0.739223210982813;0.170994310443457;0.0295030019739561;0.0302573339572597;0.0259396070847986;0.0235906876704348;0.0218989977665123;0.0233325881736328;0.0271893897176711;0.0378181284722879;0.0358933215939267;0.0315643680667319;0.0294289858444297;0.0261652751061104;0.0283347332963119;0.0307054183722245
0.87;1;0.704219113831634;0.816767627085405;0.873873419532053;0.803431205848679;0.739223210982813;0.170994310443457;0.780887990793338;0.0302573339572597;0.0259396070847986;0.0235906876704348;0.0218989977665123;0.0233325881736328;0.0271893897176711;0.0284544465166393;0.0358933215939267;0.0315643680667319;0.0294289858444297;0.0261652751061104;0.0283347332963119;0.0307054183722245;0.032753285453961
0.87;1;0.816767627085405;0.873873419532053;0.803431205848679;0.739223210982813;0.170994310443457;0.780887990793338;0.663911664173216;0.0259396070847986;0.0235906876704348;0.0218989977665123;0.0233325881736328;0.0271893897176711;0.0284544465166393;0.0284582701415146;0.0315643680667319;0.0294289858444297;0.0261652751061104;0.0283347332963119;0.0307054183722245;0.032753285453961;0.0326915352788045
0.87;1;0.873873419532053;0.803431205848679;0.739223210982813;0.170994310443457;0.780887990793338;0.663911664173216;0.52482958872596;0.0235906876704348;0.0218989977665123;0.0233325881736328;0.0271893897176711;0.0284544465166393;0.0284582701415146;0.0213918931356559;0.0294289858444297;0.0261652751061104;0.0283347332963119;0.0307054183722245;0.032753285453961;0.0326915352788045;0.0239712402833204
0.87;1;0.803431205848679;0.739223210982813;0.170994310443457;0.780887990793338;0.663911664173216;0.52482958872596;0.657899273020451;0.0218989977665123;0.0233325881736328;0.0271893897176711;0.0284544465166393;0.0284582701415146;0.0213918931356559;0.0284777502440833;0.0261652751061104;0.0283347332963119;0.0307054183722245;0.032753285453961;0.0326915352788045;0.0239712402833204;0.0348429495988639
0.87;1;0.739223210982813;0.170994310443457;0.780887990793338;0.663911664173216;0.52482958872596;0.657899273020451;0.407229733226612;0.0233325881736328;0.0271893897176711;0.0284544465166393;0.0284582701415146;0.0213918931356559;0.0284777502440833;0.0244584395083725;0.0283347332963119;0.0307054183722245;0.032753285453961;0.0326915352788045;0.0239712402833204;0.0348429495988639;0.0256827854719786
0.87;1;0.170994310443457;0.780887990793338;0.663911664173216;0.52482958872596;0.657899273020451;0.407229733226612;0.789470353031447;0.0271893897176711;0.0284544465166393;0.0284582701415146;0.0213918931356559;0.0284777502440833;0.0244584395083725;0.02458671172785;0.0307054183722245;0.032753285453961;0.0326915352788045;0.0239712402833204;0.0348429495988639;0.0256827854719786;0.0297646143615381
0.87;1;0.780887990793338;0.663911664173216;0.52482958872596;0.657899273020451;0.407229733226612;0.789470353031447;0.69855658728934;0.0284544465166393;0.0284582701415146;0.0213918931356559;0.0284777502440833;0.0244584395083725;0.02458671172785;0.0215281366050422;0.032753285453961;0.0326915352788045;0.0239712402833204;0.0348429495988639;0.0256827854719786;0.0297646143615381;0.0244347332610299
0.87;1;0.663911664173216;0.52482958872596;0.657899273020451;0.407229733226612;0.789470353031447;0.69855658728934;0.730433109211261;0.0284582701415146;0.0213918931356559;0.0284777502440833;0.0244584395083725;0.02458671172785;0.0215281366050422;0.0241610688679212;0.0326915352788045;0.0239712402833204;0.0348429495988639;0.0256827854719786;0.0297646143615381;0.0244347332610299;0.027669467350538
0.87;1;0.52482958872596;0.657899273020451;0.407229733226612;0.789470353031447;0.69855658728934;0.730433109211261;0.839764637245952;0.0213918931356559;0.0284777502440833;0.0244584395083725;0.02458671172785;0.0215281366050422;0.0241610688679212;0.0200428430066613;0.0239712402833204;0.0348429495988639;0.0256827854719786;0.0297646143615381;0.0244347332610299;0.027669467350538;0.0198637285828121
0.87;1;0.657899273020451;0.407229733226612;0.789470353031447;0.69855658728934;0.730433109211261;0.839764637245952;0.743926316692967;0.0284777502440833;0.0244584395083725;0.02458671172785;0.0215281366050422;0.0241610688679212;0.0200428430066613;0.0250720579885988;0.0348429495988639;0.0256827854719786;0.0297646143615381;0.0244347332610299;0.027669467350538;0.0198637285828121;0.0275541734610518
0.87;1;0.407229733226612;0.789470353031447;0.69855658728934;0.730433109211261;0.839764637245952;0.743926316692967;0.597581255562841;0.0244584395083725;0.02458671172785;0.0215281366050422;0.0241610688679212;0.0200428430066613;0.0250720579885988;0.0260690654565658;0.0256827854719786;0.0297646143615381;0.0244347332610299;0.027669467350538;0.0198637285828121;0.0275541734610518;0.0260440658390668
0.87;1;0.789470353031447;0.69855658728934;0.730433109211261;0.839764637245952;0.743926316692967;0.597581255562841;0.771139484730505;0.02458671172785;0.0215281366050422;0.0241610688679212;0.0200428430066613;0.0250720579885988;0.0260690654565658;0.03139905204921;0.0297646143615381;0.0244347332610299;0.027669467350538;0.0198637285828121;0.0275541734610518;0.0260440658390668;0.0403363992643568
0.87;1;0.69855658728934;0.730433109211261;0.839764637245952;0.743926316692967;0.597581255562841;0.771139484730505;0.815893825774;0.0215281366050422;0.0241610688679212;0.0200428430066613;0.0250720579885988;0.0260690654565658;0.03139905204921;0.0287244795650977;0.0244347332610299;0.027669467350538;0.0198637285828121;0.0275541734610518;0.0260440658390668;0.0403363992643568;0.0304883832699351
0.88;1;0.860623592922135;0.873173290060254;0.870028814818652;0.865473438486386;0.869325503265514;0.864915961656904;0.879854358569144;0.00277063364991753;0.0027450954790232;0.0027575442962714;0.00276389857788113;0.00273329539318272;0.00276906140873664;0.0027739745647909;0.00373938995063246;0.00372181016551926;0.00376629386028834;0.00367597421470289;0.00363985579211756;0.00363216868877584;0.00366031848120584
0.88;1;0.873173290060254;0.870028814818652;0.865473438486386;0.869325503265514;0.864915961656904;0.879854358569144;0.881180560551681;0.0027450954790232;0.0027575442962714;0.00276389857788113;0.00273329539318272;0.00276906140873664;0.0027739745647909;0.00273610269485786;0.00372181016551926;0.00376629386028834;0.00367597421470289;0.00363985579211756;0.00363216868877584;0.00366031848120584;0.0036331064373539
0.88;1;0.870028814818652;0.865473438486386;0.869325503265514;0.864915961656904;0.879854358569144;0.881180560551681;0.87082132945887;0.0027575442962714;0.00276389857788113;0.00273329539318272;0.00276906140873664;0.0027739745647909;0.00273610269485786;0.00274941744494494;0.00376629386028834;0.00367597421470289;0.00363985579211756;0.00363216868877584;0.00366031848120584;0.0036331064373539;0.00368538259618123
0.88;1;0.865473438486386;0.869325503265514;0.864915961656904;0.879854358569144;0.881180560551681;0.87082132945887;0.888724316924624;0.00276389857788113;0.00273329539318272;0.00276906140873664;0.0027739745647909;0.00273610269485786;0.00274941744494494;0.0136974535097609;0.00367597421470289;0.00363985579211756;0.00363216868877584;0.00366031848120584;0.0036331064373539;0.00368538259618123;0.00439499729721091
0.88;1;0.869325503265514;0.864915961656904;0.879854358569144;0.881180560551681;0.87082132945887;0.888724316924624;0.142872963576445;0.00273329539318272;0.00276906140873664;0.0027739745647909;0.00273610269485786;0.00274941744494494;0.0136974535097609;0.0626830582408622;0.00363985579211756;0.00363216868877584;0.00366031848120584;0.0036331064373539;0.00368538259618123;0.00439499729721091;0.0256816479402603
0.88;1;0.864915961656904;0.879854358569144;0.881180560551681;0.87082132945887;0.888724316924624;0.142872963576445;0.654275185227934;0.00276906140873664;0.0027739745647909;0.00273610269485786;0.00274941744494494;0.0136974535097609;0.0626830582408622;0.0401778501463757;0.00363216868877584;0.00366031848120584;0.0036331064373539;0.00368538259618123;0.00439499729721091;0.0256816479402603;0.0116647478034068
0.88;1;0.879854358569144;0.881180560551681;0.87082132945887;0.888724316924624;0.142872963576445;0.654275185227934;0.269553370215701;0.0027739745647909;0.00273610269485786;0.00274941744494494;0.0136974535097609;0.0626830582408622;0.0401778501463757;0.0172998076459333;0.00366031848120584;0.0036331064373539;0.00368538259618123;0.00439499729721091;0.0256816479402603;0.0116647478034068;0.00839479815154696
0.88;1;0.881180560551681;0.87082132945887;0.888724316924624;0.142872963576445;0.654275185227934;0.269553370215701;0.563497647040973;0.00273610269485786;0.00274941744494494;0.0136974535097609;0.0626830582408622;0.0401778501463757;0.0172998076459333;0.0375332281110317;0.0036331064373539;0.00368538259618123;0.00439499729721091;0.0256816479402603;0.0116647478034068;0.00839479815154696;0.00709758341552878
0.88;1;0.87082132945887;0.888724316924624;0.142872963576445;0.654275185227934;0.269553370215701;0.563497647040973;0.590054605382915;0.00274941744494494;0.0136974535097609;0.0626830582408622;0.0401778501463757;0.0172998076459333;0.0375332281110317;0.0288127793419489;0.00368538259618123;0.00439499729721091;0.0256816479402603;0.0116647478034068;0.00839479815154696;0.00709758341552878;0.00621752388228817
0.88;1;0.888724316924624;0.142872963576445;0.654275185227934;0.269553370215701;0.563497647040973;0.590054605382915;0.548891433754583;0.0136974535097609;0.0626830582408622;0.0401778501463757;0.0172998076459333;0.0375332281110317;0.0288127793419489;0.0307575052568422;0.00439499729721091;0.0256816479402603;0.0116647478034068;0.00839479815154696;0.00709758341552878;0.00621752388228817;0.00606704513383556
0.88;1;0.142872963576445;0.654275185227934;0.269553370215701;0.563497647040973;0.590054605382915;0.548891433754583;0.597638504595431;0.0626830582408622;0.0401778501463757;0.0172998076459333;0.0375332281110317;0.0288127793419489;0.0307575052568422;0.018307521545962;0.0256816479402603;0.0116647478034068;0.00839479815154696;0.00709758341552878;0.00621752388228817;0.00606704513383556;0.00491492652895046
0.88;1;0.654275185227934;0.269553370215701;0.563497647040973;0.590054605382915;0.548891433754583;0.597638504595431;0.612385659020468;0.0401778501463757;0.0172998076459333;0.0375332281110317;0.0288127793419489;0.0307575052568422;0.018307521545962;0.0389259993648111;0.0116647478034068;0.00839479815154696;0.00709758341552878;0.00621752388228817;0.00606704513383556;0.00491492652895046;0.00610735392698493
0.88;1;0.269553370215701;0.563497647040973;0.590054605382915;0.548891433754583;0.597638504595431;0.612385659020468;0.610891160608995;0.0172998076459333;0.0375332281110317;0.0288127793419489;0.0307575052568422;0.018307521545962;0.0389259993648111;0.024975747590907;0.00839479815154696;0.00709758341552878;0.00621752388228817;0.00606704513383556;0.00491492652895046;0.00610735392698493;0.00567986077151186
0.88;1;0.563497647040973;0.590054605382915;0.548891433754583;0.597638504595431;0.612385659020468;0.610891160608995;0.620822040791249;0.0375332281110317;0.0288127793419489;0.0307575052568422;0.018307521545962;0.0389259993648111;0.024975747590907;0.0224849378963775;0.00709758341552878;0.00621752388228817;0.00606704513383556;0.00491492652895046;0.00610735392698493;0.00567986077151186;0.00563728229887872
0.88;1;0.590054605382915;0.548891433754583;0.597638504595431;0.612385659020468;0.610891160608995;0.620822040791249;0.636144222705461;0.0288127793419489;0.0307575052568422;0.018307521545962;0.0389259993648111;0.024975747590907;0.0224849378963775;0.0290111919120045;0.00621752388228817;0.00606704513383556;0.00491492652895046;0.00610735392698493;0.00567986077151186;0.00563728229887872;0.00548120823401346
0.88;1;0.548891433754583;0.597638504595431;0.612385659020468;0.610891160608995;0.620822040791249;0.636144222705461;0.64300538546595;0.0307575052568422;0.018307521545962;0.0389259993648111;0.024975747590907;0.0224849378963775;0.0290111919120045;0.0328802744767136;0.00606704513383556;0.00491492652895046;0.00610735392698493;0.00567986077151186;0.00563728229887872;0.00548120823401346;0.00536313664919607
0.88;1;0.597638504595431;0.612385659020468;0.610891160608995;0.620822040791249;0.636144222705461;0.64300538546595;0.637418452073258;0.018307521545962;0.0389259993648111;0.024975747590907;0.0224849378963775;0.0290111919120045;0.0328802744767136;0.0225313641570977;0.00491492652895046;0.00610735392698493;0.00567986077151186;0.00563728229887872;0.00548120823401346;0.00536313664919607;0.00522504916747429
0.88;1;0.612385659020468;0.610891160608995;0.620822040791249;0.636144222705461;0.64300538546595;0.637418452073258;0.658910054626388;0.0389259993648111;0.024975747590907;0.0224849378963775;0.0290111919120045;0.0328802744767136;0.0225313641570977;0.0263992472968967;0.00610735392698493;0.00567986077151186;0.00563728229887872;0.00548120823401346;0.00536313664919607;0.00522504916747429;0.00519980345362037
0.88;1;0.610891160608995;0.620822040791249;0.636144222705461;0.64300538546595;0.637418452073258;0.658910054626388;0.630767660121091;0.024975747590907;0.0224849378963775;0.0290111919120045;0.0328802744767136;0.0225313641570977;0.0263992472968967;0.0255489962222258;0.00567986077151186;0.00563728229887872;0.00548120823401346;0.00536313664919607;0.00522504916747429;0.00519980345362037;0.00593018277379553
0.88;1;0.620822040791249;0.636144222705461;0.64300538546595;0.637418452073258;0.658910054626388;0.630767660121091;0.651106829116297;0.0224849378963775;0.0290111919120045;0.0328802744767136;0.0225313641570977;0.0263992472968967;0.0255489962222258;0.0265489236896899;0.00563728229887872;0.00548120823401346;0.00536313664919607;0.00522504916747429;0.00519980345362037;0.00593018277379553;0.00615505656728424
0.88;1;0.636144222705461;0.64300538546595;0.637418452073258;0.658910054626388;0.630767660121091;0.651106829116297;0.791851238404119;0.0290111919120045;0.0328802744767136;0.0225313641570977;0.0263992472968967;0.0255489962222258;0.0265489236896899;0.0256134643855731;0.00548120823401346;0.00536313664919607;0.00522504916747429;0.00519980345362037;0.00593018277379553;0.00615505656728424;0.00537614045160115
0.88;1;0.64300538546595;0.637418452073258;0.658910054626388;0.630767660121091;0.651106829116297;0.791851238404119;0.791367898719979;0.0328802744767136;0.0225313641570977;0.0263992472968967;0.0255489962222258;0.0265489236896899;0.0256134643855731;0.0278466372786568;0.00536313664919607;0.00522504916747429;0.00519980345362037;0.00593018277379553;0.00615505656728424;0.00537614045160115;0.00607837994287848
0.88;1;0.637418452073258;0.658910054626388;0.630767660121091;0.651106829116297;0.791851238404119;0.791367898719979;0.79129873597267;0.0225313641570977;0.0263992472968967;0.0255489962222258;0.0265489236896899;0.0256134643855731;0.0278466372786568;0.028228690234954;0.00522504916747429;0.00519980345362037;0.00593018277379553;0.00615505656728424;0.00537614045160115;0.00607837994287848;0.0054438684142102
0.88;1;0.658910054626388;0.630767660121091;0.651106829116297;0.791851238404119;0.791367898719979;0.79129873597267;0.821542597847263;0.0263992472968967;0.0255489962222258;0.0265489236896899;0.0256134643855731;0.0278466372786568;0.028228690234954;0.0278215517955878;0.00519980345362037;0.00593018277379553;0.00615505656728424;0.00537614045160115;0.00607837994287848;0.0054438684142102;0.00536121659954707
0.88;1;0.630767660121091;0.651106829116297;0.791851238404119;0.791367898719979;0.79129873597267;0.821542597847263;0.79087719855733;0.0255489962222258;0.0265489236896899;0.0256134643855731;0.0278466372786568;0.028228690234954;0.0278215517955878;0.0309360373387529;0.00593018277379553;0.00615505656728424;0.00537614045160115;0.00607837994287848;0.0054438684142102;0.00536121659954707;0.00552587413512187
0.88;1;0.651106829116297;0.791851238404119;0.791367898719979;0.79129873597267;0.821542597847263;0.79087719855733;0.789382326209727;0.0265489236896899;0.0256134643855731;0.0278466372786568;0.028228690234954;0.0278215517955878;0.0309360373387529;0.0284602779896167;0.00615505656728424;0.00537614045160115;0.00607837994287848;0.0054438684142102;0.00536121659954707;0.00552587413512187;0.0056225893558065
0.88;1;0.791851238404119;0.791367898719979;0.79129873597267;0.821542597847263;0.79087719855733;0.789382326209727;0.789697893891798;0.0256134643855731;0.0278466372786568;0.028228690234954;0.0278215517955878;0.0309360373387529;0.0284602779896167;0.0245284079436284;0.00537614045160115;0.00607837994287848;0.0054438684142102;0.00536121659954707;0.00552587413512187;0.0056225893558065;0.00502927457095805
0.88;1;0.791367898719979;0.79129873597267;0.821542597847263;0.79087719855733;0.789382326209727;0.789697893891798;0.787891750004987;0.0278466372786568;0.028228690234954;0.0278215517955878;0.0309360373387529;0.0284602779896167;0.0245284079436284;0.0143609640747893;0.00607837994287848;0.0054438684142102;0.00536121659954707;0.00552587413512187;0.0056225893558065;0.00502927457095805;0.00531546008725804
0.88;1;0.79129873597267;0.821542597847263;0.79087719855733;0.789382326209727;0.789697893891798;0.787891750004987;0.791578325612227;0.028228690234954;0.0278215517955878;0.0309360373387529;0.0284602779896167;0.0245284079436284;0.0143609640747893;0.0180804517253518;0.0054438684142102;0.00536121659954707;0.00552587413512187;0.0056225893558065;0.00502927457095805;0.00531546008725804;0.00539410548045206
0.88;1;0.821542597847263;0.79087719855733;0.789382326209727;0.789697893891798;0.787891750004987;0.791578325612227;0.839540290816783;0.0278215517955878;0.0309360373387529;0.0284602779896167;0.0245284079436284;0.0143609640747893;0.0180804517253518;0.0272002006736015;0.00536121659954707;0.00552587413512187;0.0056225893558065;0.00502927457095805;0.00531546008725804;0.00539410548045206;0.00563576008288927
0.88;1;0.79087719855733;0.789382326209727;0.789697893891798;0.787891750004987;0.791578325612227;0.839540290816783;0.808038568690307;0.0309360373387529;0.0284602779896167;0.0245284079436284;0.0143609640747893;0.0180804517253518;0.0272002006736015;0.0214771077506793;0.00552587413512187;0.0056225893558065;0.00502927457095805;0.00531546008725804;0.00539410548045206;0.00563576008288927;0.00525199884192284
0.88;1;0.789382326209727;0.789697893891798;0.787891750004987;0.791578325612227;0.839540290816783;0.808038568690307;0.798579012590633;0.0284602779896167;0.0245284079436284;0.0143609640747893;0.0180804517253518;0.0272002006736015;0.0214771077506793;0.0255211628334456;0.0056225893558065;0.00502927457095805;0.00531546008725804;0.00539410548045206;0.00563576008288927;0.00525199884192284;0.00508014132838587
0.88;1;0.789697893891798;0.787891750004987;0.791578325612227;0.839540290816783;0.808038568690307;0.798579012590633;0.797729435460496;0.0245284079436284;0.0143609640747893;0.0180804517253518;0.0272002006736015;0.0214771077506793;0.0255211628334456;0.027110727562039;0.00502927457095805;0.00531546008725804;0.00539410548045206;0.00563576008288927;0.00525199884192284;0.00508014132838587;0.00543830640050984
0.88;1;0.787891750004987;0.791578325612227;0.839540290816783;0.808038568690307;0.798579012590633;0.797729435460496;0.789004186107013;0.0143609640747893;0.0180804517253518;0.0272002006736015;0.0214771077506793;0.0255211628334456;0.027110727562039;0.0199981008416022;0.00531546008725804;0.00539410548045206;0.00563576008288927;0.00525199884192284;0.00508014132838587;0.00543830640050984;0.00517049324878232
0.88;1;0.791578325612227;0.839540290816783;0.808038568690307;0.798579012590633;0.797729435460496;0.789004186107013;0.779267922136212;0.0180804517253518;0.0272002006736015;0.0214771077506793;0.0255211628334456;0.027110727562039;0.0199981008416022;0.0407682400832284;0.00539410548045206;0.00563576008288927;0.00525199884192284;0.00508014132838587;0.00543830640050984;0.00517049324878232;0.00768096299762426
0.88;1;0.839540290816783;0.808038568690307;0.798579012590633;0.797729435460496;0.789004186107013;0.779267922136212;0.71701338008403;0.0272002006736015;0.0214771077506793;0.0255211628334456;0.027110727562039;0.0199981008416022;0.0407682400832284;0.0460858266040129;0.00563576008288927;0.00525199884192284;0.00508014132838587;0.00543830640050984;0.00517049324878232;0.00768096299762426;0.00795691282025278
0.88;1;0.808038568690307;0.798579012590633;0.797729435460496;0.789004186107013;0.779267922136212;0.71701338008403;0.784338750743404;0.0214771077506793;0.0255211628334456;0.027110727562039;0.0199981008416022;0.0407682400832284;0.0460858266040129;0.0180878081665565;0.00525199884192284;0.00508014132838587;0.00543830640050984;0.00517049324878232;0.00768096299762426;0.00795691282025278;0.00599062475810157
0.94;1;0.929918603835126;0.930656685828006;0.935899718734893;0.935312935227129;0.944251285269993;0.945539858292541;0.945192395928457;0.00411383959389618;0.00266161592896811;0.00266934824047957;0.00278940121906448;0.00277802331569722;0.00266484700032624;0.00266424338572585;0.00556057071793282;0.0038530320742423;0.00377293652552612;0.00406202689059923;0.00396944449164969;0.00367059508374458;0.00359994461603541
0.94;1;0.930656685828006;0.935899718734893;0.935312935227129;0.944251285269993;0.945539858292541;0.945192395928457;0.940239708424586;0.00266161592896811;0.00266934824047957;0.00278940121906448;0.00277802331569722;0.00266484700032624;0.00266424338572585;0.00265426973729366;0.0038530320742423;0.00377293652552612;0.00406202689059923;0.00396944449164969;0.00367059508374458;0.00359994461603541;0.00360893511583755
0.94;1;0.935899718734893;0.935312935227129;0.944251285269993;0.945539858292541;0.945192395928457;0.940239708424586;0.936793634216401;0.00266934824047957;0.00278940121906448;0.00277802331569722;0.00266484700032624;0.00266424338572585;0.00265426973729366;0.00738219166079486;0.00377293652552612;0.00406202689059923;0.00396944449164969;0.00367059508374458;0.00359994461603541;0.00360893511583755;0.0037607822352705
0.94;1;0.935312935227129;0.944251285269993;0.945539858292541;0.945192395928457;0.940239708424586;0.936793634216401;0.937337320948146;0.00278940121906448;0.00277802331569722;0.00266484700032624;0.00266424338572585;0.00265426973729366;0.00738219166079486;0.00532601483463275;0.00406202689059923;0.00396944449164969;0.00367059508374458;0.00359994461603541;0.00360893511583755;0.0037607822352705;0.00373651884102021
0.94;1;0.944251285269993;0.945539858292541;0.945192395928457;0.940239708424586;0.936793634216401;0.937337320948146;0.697873345200249;0.00277802331569722;0.00266484700032624;0.00266424338572585;0.00265426973729366;0.00738219166079486;0.00532601483463275;0.0406667684132149;0.00396944449164969;0.00367059508374458;0.00359994461603541;0.00360893511583755;0.0037607822352705;0.00373651884102021;0.0375924726994145
0.94;1;0.945539858292541;0.945192395928457;0.940239708424586;0.936793634216401;0.937337320948146;0.697873345200249;0.343367281484003;0.00266484700032624;0.00266424338572585;0.00265426973729366;0.00738219166079486;0.00532601483463275;0.0406667684132149;0.0372538003845093;0.00367059508374458;0.00359994461603541;0.00360893511583755;0.0037607822352705;0.00373651884102021;0.0375924726994145;0.0483451627411578
0.94;1;0.945192395928457;0.940239708424586;0.936793634216401;0.937337320948146;0.697873345200249;0.343367281484003;0.52745678036935;0.00266424338572585;0.00265426973729366;0.00738219166079486;0.00532601483463275;0.0406667684132149;0.0372538003845093;0.0329750984194231;0.00359994461603541;0.00360893511583755;0.0037607822352705;0.00373651884102021;0.0375924726994145;0.0483451627411578;0.0435485817433968
0.94;1;0.940239708424586;0.936793634216401;0.937337320948146;0.697873345200249;0.343367281484003;0.52745678036935;0.780784833320974;0.00265426973729366;0.00738219166079486;0.00532601483463275;0.0406667684132149;0.0372538003845093;0.0329750984194231;0.0391530535160627;0.00360893511583755;0.0037607822352705;0.00373651884102021;0.0375924726994145;0.0483451627411578;0.0435485817433968;0.041245494757236
0.94;1;0.936793634216401;0.937337320948146;0.697873345200249;0.343367281484003;0.52745678036935;0.780784833320974;0.839785697806252;0.00738219166079486;0.00532601483463275;0.0406667684132149;0.0372538003845093;0.0329750984194231;0.0391530535160627;0.0428094573636416;0.0037607822352705;0.00373651884102021;0.0375924726994145;0.0483451627411578;0.0435485817433968;0.041245494757236;0.0396437900397546
0.94;1;0.937337320948146;0.697873345200249;0.343367281484003;0.52745678036935;0.780784833320974;0.839785697806252;0.856905155581267;0.00532601483463275;0.0406667684132149;0.0372538003845093;0.0329750984194231;0.0391530535160627;0.0428094573636416;0.0502589747137758;0.00373651884102021;0.0375924726994145;0.0483451627411578;0.0435485817433968;0.041245494757236;0.0396437900397546;0.041632098855984
0.94;1;0.697873345200249;0.343367281484003;0.52745678036935;0.780784833320974;0.839785697806252;0.856905155581267;0.876805617720407;0.0406667684132149;0.0372538003845093;0.0329750984194231;0.0391530535160627;0.0428094573636416;0.0502589747137758;0.0553962439302207;0.0375924726994145;0.0483451627411578;0.0435485817433968;0.041245494757236;0.0396437900397546;0.041632098855984;0.0523817562142488
0.94;1;0.343367281484003;0.52745678036935;0.780784833320974;0.839785697806252;0.856905155581267;0.876805617720407;0.868235220849378;0.0372538003845093;0.0329750984194231;0.0391530535160627;0.0428094573636416;0.0502589747137758;0.0553962439302207;0.0458446576680254;0.0483451627411578;0.0435485817433968;0.041245494757236;0.0396437900397546;0.041632098855984;0.0523817562142488;0.0419041912498869
0.94;1;0.52745678036935;0.780784833320974;0.839785697806252;0.856905155581267;0.876805617720407;0.868235220849378;0.822445226592033;0.0329750984194231;0.0391530535160627;0.0428094573636416;0.0502589747137758;0.0553962439302207;0.0458446576680254;0.0360149020746261;0.0435485817433968;0.041245494757236;0.0396437900397546;0.041632098855984;0.0523817562142488;0.0419041912498869;0.0330295806312939
0.94;1;0.780784833320974;0.839785697806252;0.856905155581267;0.876805617720407;0.868235220849378;0.822445226592033;0.700597757143606;0.0391530535160627;0.0428094573636416;0.0502589747137758;0.0553962439302207;0.0458446576680254;0.0360149020746261;0.0398336242771669;0.041245494757236;0.0396437900397546;0.041632098855984;0.0523817562142488;0.0419041912498869;0.0330295806312939;0.0373416599738956
0.94;1;0.839785697806252;0.856905155581267;0.876805617720407;0.868235220849378;0.822445226592033;0.700597757143606;0.756544696999651;0.0428094573636416;0.0502589747137758;0.0553962439302207;0.0458446576680254;0.0360149020746261;0.0398336242771669;0.0397490423366328;0.0396437900397546;0.041632098855984;0.0523817562142488;0.0419041912498869;0.0330295806312939;0.0373416599738956;0.0368191669842739
0.94;1;0.856905155581267;0.876805617720407;0.868235220849378;0.822445226592033;0.700597757143606;0.756544696999651;0.781100314406663;0.0502589747137758;0.0553962439302207;0.0458446576680254;0.0360149020746261;0.0398336242771669;0.0397490423366328;0.0374879167694709;0.041632098855984;0.0523817562142488;0.0419041912498869;0.0330295806312939;0.0373416599738956;0.0368191669842739;0.0350317678502788
0.94;1;0.876805617720407;0.868235220849378;0.822445226592033;0.700597757143606;0.756544696999651;0.781100314406663;0.645223280683509;0.0553962439302207;0.0458446576680254;0.0360149020746261;0.0398336242771669;0.0397490423366328;0.0374879167694709;0.0385867590546375;0.0523817562142488;0.0419041912498869;0.0330295806312939;0.0373416599738956;0.0368191669842739;0.0350317678502788;0.0372989089658166
0.94;1;0.868235220849378;0.822445226592033;0.700597757143606;0.756544696999651;0.781100314406663;0.645223280683509;0.756140950244161;0.0458446576680254;0.0360149020746261;0.0398336242771669;0.0397490423366328;0.0374879167694709;0.0385867590546375;0.0366518408028856;0.0419041912498869;0.0330295806312939;0.0373416599738956;0.0368191669842739;0.0350317678502788;0.0372989089658166;0.0303606690372901
0.94;1;0.822445226592033;0.700597757143606;0.756544696999651;0.781100314406663;0.645223280683509;0.756140950244161;0.773564850786409;0.0360149020746261;0.0398336242771669;0.0397490423366328;0.0374879167694709;0.0385867590546375;0.0366518408028856;0.0254239243748378;0.0330295806312939;0.0373416599738956;0.0368191669842739;0.0350317678502788;0.0372989089658166;0.0303606690372901;0.0273345807071785
0.94;1;0.700597757143606;0.756544696999651;0.781100314406663;0.645223280683509;0.756140950244161;0.773564850786409;0.915185461020936;0.0398336242771669;0.0397490423366328;0.0374879167694709;0.0385867590546375;0.0366518408028856;0.0254239243748378;0.0130663717400054;0.0373416599738956;0.0368191669842739;0.0350317678502788;0.0372989089658166;0.0303606690372901;0.0273345807071785;0.0185259650448657
0.94;1;0.756544696999651;0.781100314406663;0.645223280683509;0.756140950244161;0.773564850786409;0.915185461020936;0.763013242627108;0.0397490423366328;0.0374879167694709;0.0385867590546375;0.0366518408028856;0.0254239243748378;0.0130663717400054;0.0424144298447173;0.0368191669842739;0.0350317678502788;0.0372989089658166;0.0303606690372901;0.0273345807071785;0.0185259650448657;0.040558899403706
0.94;1;0.781100314406663;0.645223280683509;0.756140950244161;0.773564850786409;0.915185461020936;0.763013242627108;0.877937454930814;0.0374879167694709;0.0385867590546375;0.0366518408028856;0.0254239243748378;0.0130663717400054;0.0424144298447173;0.0343282774429586;0.0350317678502788;0.0372989089658166;0.0303606690372901;0.0273345807071785;0.0185259650448657;0.040558899403706;0.0328988791129225
0.94;1;0.645223280683509;0.756140950244161;0.773564850786409;0.915185461020936;0.763013242627108;0.877937454930814;0.902115111935311;0.0385867590546375;0.0366518408028856;0.0254239243748378;0.0130663717400054;0.0424144298447173;0.0343282774429586;0.0267211602049003;0.0372989089658166;0.0303606690372901;0.0273345807071785;0.0185259650448657;0.040558899403706;0.0328988791129225;0.0266244986320417
0.94;1;0.756140950244161;0.773564850786409;0.915185461020936;0.763013242627108;0.877937454930814;0.902115111935311;0.788910029127841;0.0366518408028856;0.0254239243748378;0.0130663717400054;0.0424144298447173;0.0343282774429586;0.0267211602049003;0.0374987762323141;0.0303606690372901;0.0273345807071785;0.0185259650448657;0.040558899403706;0.0328988791129225;0.0266244986320417;0.0335618343056864
0.94;1;0.773564850786409;0.915185461020936;0.763013242627108;0.877937454930814;0.902115111935311;0.788910029127841;0.81786208717499;0.0254239243748378;0.0130663717400054;0.0424144298447173;0.0343282774429586;0.0267211602049003;0.0374987762323141;0.0232832718476569;0.0273345807071785;0.0185259650448657;0.040558899403706;0.0328988791129225;0.0266244986320417;0.0335618343056864;0.025632892494896
0.94;1;0.915185461020936;0.763013242627108;0.877937454930814;0.902115111935311;0.788910029127841;0.81786208717499;0.849637602929436;0.0130663717400054;0.0424144298447173;0.0343282774429586;0.0267211602049003;0.0374987762323141;0.0232832718476569;0.0326445346631356;0.0185259650448657;0.040558899403706;0.0328988791129225;0.0266244986320417;0.0335618343056864;0.025632892494896;0.032111013716599
0.94;1;0.763013242627108;0.877937454930814;0.902115111935311;0.788910029127841;0.81786208717499;0.849637602929436;0.819291772782238;0.0424144298447173;0.0343282774429586;0.0267211602049003;0.0374987762323141;0.0232832718476569;0.0326445346631356;0.0446065468536352;0.040558899403706;0.0328988791129225;0.0266244986320417;0.0335618343056864;0.025632892494896;0.032111013716599;0.0382718893484717
0.94;1;0.877937454930814;0.902115111935311;0.788910029127841;0.81786208717499;0.849637602929436;0.819291772782238;0.852679101670328;0.0343282774429586;0.0267211602049003;0.0374987762323141;0.0232832718476569;0.0326445346631356;0.0446065468536352;0.0382947510989062;0.0328988791129225;0.0266244986320417;0.0335618343056864;0.025632892494896;0.032111013716599;0.0382718893484717;0.0346903533219359
0.94;1;0.902115111935311;0.788910029127841;0.81786208717499;0.849637602929436;0.819291772782238;0.852679101670328;0.870848945990378;0.0267211602049003;0.0374987762323141;0.0232832718476569;0.0326445346631356;0.0446065468536352;0.0382947510989062;0.0450219982930394;0.0266244986320417;0.0335618343056864;0.025632892494896;0.032111013716599;0.0382718893484717;0.0346903533219359;0.0385404458393267
0.94;1;0.788910029127841;0.81786208717499;0.849637602929436;0.819291772782238;0.852679101670328;0.870848945990378;0.869350272362263;0.0374987762323141;0.0232832718476569;0.0326445346631356;0.0446065468536352;0.0382947510989062;0.0450219982930394;0.0361231793920432;0.0335618343056864;0.025632892494896;0.032111013716599;0.0382718893484717;0.0346903533219359;0.0385404458393267;0.0304210535968525
0.94;1;0.81786208717499;0.849637602929436;0.819291772782238;0.852679101670328;0.870848945990378;0.869350272362263;0.79881040858795;0.0232832718476569;0.0326445346631356;0.0446065468536352;0.0382947510989062;0.0450219982930394;0.0361231793920432;0.0547454727202017;0.025632892494896;0.032111013716599;0.0382718893484717;0.0346903533219359;0.0385404458393267;0.0304210535968525;0.0382590743462667
0.94;1;0.849637602929436;0.819291772782238;0.852679101670328;0.870848945990378;0.869350272362263;0.79881040858795;0.715403821315624;0.0326445346631356;0.0446065468536352;0.0382947510989062;0.0450219982930394;0.0361231793920432;0.0547454727202017;0.032102059927715;0.032111013716599;0.0382718893484717;0.0346903533219359;0.0385404458393267;0.0304210535968525;0.0382590743462667;0.039870222757482
0.94;1;0.819291772782238;0.852679101670328;0.870848945990378;0.869350272362263;0.79881040858795;0.715403821315624;0.17395781061466;0.0446065468536352;0.0382947510989062;0.0450219982930394;0.0361231793920432;0.0547454727202017;0.032102059927715;0.0333466315756773;0.0382718893484717;0.0346903533219359;0.0385404458393267;0.0304210535968525;0.0382590743462667;0.039870222757482;0.0383600999542737
0.94;1;0.852679101670328;0.870848945990378;0.869350272362263;0.79881040858795;0.715403821315624;0.17395781061466;0.538275413499453;0.0382947510989062;0.0450219982930394;0.0361231793920432;0.0547454727202017;0.032102059927715;0.0333466315756773;0.0363842138923061;0.0346903533219359;0.0385404458393267;0.0304210535968525;0.0382590743462667;0.039870222757482;0.0383600999542737;0.038142105987814
0.94;1;0.870848945990378;0.869350272362263;0.79881040858795;0.715403821315624;0.17395781061466;0.538275413499453;0.678918347923433;0.0450219982930394;0.0361231793920432;0.0547454727202017;0.032102059927715;0.0333466315756773;0.0363842138923061;0.0318145559100444;0.0385404458393267;0.0304210535968525;0.0382590743462667;0.039870222757482;0.0383600999542737;0.038142105987814;0.0363272889971466
0.94;1;0.869350272362263;0.79881040858795;0.715403821315624;0.17395781061466;0.538275413499453;0.678918347923433;0.688427419060409;0.0361231793920432;0.0547454727202017;0.032102059927715;0.0333466315756773;0.0363842138923061;0.0318145559100444;0.0329063365855841;0.0304210535968525;0.0382590743462667;0.039870222757482;0.0383600999542737;0.038142105987814;0.0363272889971466;0.0314899577057696
0.94;1;0.79881040858795;0.715403821315624;0.17395781061466;0.538275413499453;0.678918347923433;0.688427419060409;0.182907667853719;0.0547454727202017;0.032102059927715;0.0333466315756773;0.0363842138923061;0.0318145559100444;0.0329063365855841;0.03886776606537;0.0382590743462667;0.039870222757482;0.0383600999542737;0.038142105987814;0.0363272889971466;0.0314899577057696;0.0379352536606539
0.9;1;0.199760500513543;0.826208466237978;0.859488582960526;0.196492057058916;0.905056898804722;0.917905683821909;0.92234596160264;0.00274638311376411;0.00269025221350392;0.00267573619949074;0.00393291938459062;0.00268197569240648;0.00264348252808099;0.00265035920131987;0.00431573486391897;0.00421964232008501;0.00407781310099835;0.00562860234894023;0.00415267551573718;0.00414262153153441;0.00408056573816102
0.9;1;0.826208466237978;0.859488582960526;0.196492057058916;0.905056898804722;0.917905683821909;0.92234596160264;0.525959136150669;0.00269025221350392;0.00267573619949074;0.00393291938459062;0.00268197569240648;0.00264348252808099;0.00265035920131987;0.00264179463963536;0.00421964232008501;0.00407781310099835;0.00562860234894023;0.00415267551573718;0.00414262153153441;0.00408056573816102;0.00407022912566488
0.9;1;0.859488582960526;0.196492057058916;0.905056898804722;0.917905683821909;0.92234596160264;0.525959136150669;0.883496236120082;0.00267573619949074;0.00393291938459062;0.00268197569240648;0.00264348252808099;0.00265035920131987;0.00264179463963536;0.00264885854750484;0.00407781310099835;0.00562860234894023;0.00415267551573718;0.00414262153153441;0.00408056573816102;0.00407022912566488;0.00394699991724465
0.9;1;0.196492057058916;0.905056898804722;0.917905683821909;0.92234596160264;0.525959136150669;0.883496236120082;0.92287994874143;0.00393291938459062;0.00268197569240648;0.00264348252808099;0.00265035920131987;0.00264179463963536;0.00264885854750484;0.00266063644482729;0.00562860234894023;0.00415267551573718;0.00414262153153441;0.00408056573816102;0.00407022912566488;0.00394699991724465;0.00398465074106944
0.9;1;0.905056898804722;0.917905683821909;0.92234596160264;0.525959136150669;0.883496236120082;0.92287994874143;0.773929486279196;0.00268197569240648;0.00264348252808099;0.00265035920131987;0.00264179463963536;0.00264885854750484;0.00266063644482729;0.0611574306283937;0.00415267551573718;0.00414262153153441;0.00408056573816102;0.00407022912566488;0.00394699991724465;0.00398465074106944;0.0242898299217083
0.9;1;0.917905683821909;0.92234596160264;0.525959136150669;0.883496236120082;0.92287994874143;0.773929486279196;0.19719472104095;0.00264348252808099;0.00265035920131987;0.00264179463963536;0.00264885854750484;0.00266063644482729;0.0611574306283937;0.0297794633261395;0.00414262153153441;0.00408056573816102;0.00407022912566488;0.00394699991724465;0.00398465074106944;0.0242898299217083;0.0305098785653512
0.9;1;0.92234596160264;0.525959136150669;0.883496236120082;0.92287994874143;0.773929486279196;0.19719472104095;0.185122942110916;0.00265035920131987;0.00264179463963536;0.00264885854750484;0.00266063644482729;0.0611574306283937;0.0297794633261395;0.0246737268110877;0.00408056573816102;0.00407022912566488;0.00394699991724465;0.00398465074106944;0.0242898299217083;0.0305098785653512;0.0257785336074792
0.9;1;0.525959136150669;0.883496236120082;0.92287994874143;0.773929486279196;0.19719472104095;0.185122942110916;0.750218674191067;0.00264179463963536;0.00264885854750484;0.00266063644482729;0.0611574306283937;0.0297794633261395;0.0246737268110877;0.022559135785227;0.00407022912566488;0.00394699991724465;0.00398465074106944;0.0242898299217083;0.0305098785653512;0.0257785336074792;0.0219777758304125
0.9;1;0.883496236120082;0.92287994874143;0.773929486279196;0.19719472104095;0.185122942110916;0.750218674191067;0.120280219386829;0.00264885854750484;0.00266063644482729;0.0611574306283937;0.0297794633261395;0.0246737268110877;0.022559135785227;0.0339763981848638;0.00394699991724465;0.00398465074106944;0.0242898299217083;0.0305098785653512;0.0257785336074792;0.0219777758304125;0.0341131062183089
0.9;1;0.92287994874143;0.773929486279196;0.19719472104095;0.185122942110916;0.750218674191067;0.120280219386829;0.169379556118622;0.00266063644482729;0.0611574306283937;0.0297794633261395;0.0246737268110877;0.022559135785227;0.0339763981848638;0.0307871892372443;0.00398465074106944;0.0242898299217083;0.0305098785653512;0.0257785336074792;0.0219777758304125;0.0341131062183089;0.0335375901043903
0.9;1;0.773929486279196;0.19719472104095;0.185122942110916;0.750218674191067;0.120280219386829;0.169379556118622;0.168153951314508;0.0611574306283937;0.0297794633261395;0.0246737268110877;0.022559135785227;0.0339763981848638;0.0307871892372443;0.0260956977502545;0.0242898299217083;0.0305098785653512;0.0257785336074792;0.0219777758304125;0.0341131062183089;0.0335375901043903;0.0290007533633021
0.9;1;0.19719472104095;0.185122942110916;0.750218674191067;0.120280219386829;0.169379556118622;0.168153951314508;0.176650608317396;0.0297794633261395;0.0246737268110877;0.022559135785227;0.0339763981848638;0.0307871892372443;0.0260956977502545;0.0223131042318454;0.0305098785653512;0.0257785336074792;0.0219777758304125;0.0341131062183089;0.0335375901043903;0.0290007533633021;0.0272464432563487
0.9;1;0.185122942110916;0.750218674191067;0.120280219386829;0.169379556118622;0.168153951314508;0.176650608317396;0.897151602869945;0.0246737268110877;0.022559135785227;0.0339763981848638;0.0307871892372443;0.0260956977502545;0.0223131042318454;0.0221084475329382;0.0257785336074792;0.0219777758304125;0.0341131062183089;0.0335375901043903;0.0290007533633021;0.0272464432563487;0.0271745250961814
0.9;1;0.750218674191067;0.120280219386829;0.169379556118622;0.168153951314508;0.176650608317396;0.897151602869945;0.189182767466089;0.022559135785227;0.0339763981848638;0.0307871892372443;0.0260956977502545;0.0223131042318454;0.0221084475329382;0.027468180048968;0.0219777758304125;0.0341131062183089;0.0335375901043903;0.0290007533633021;0.0272464432563487;0.0271745250961814;0.029292292828738
0.9;1;0.120280219386829;0.169379556118622;0.168153951314508;0.176650608317396;0.897151602869945;0.189182767466089;0.742319092318652;0.0339763981848638;0.0307871892372443;0.0260956977502545;0.0223131042318454;0.0221084475329382;0.027468180048968;0.0322326756659546;0.0341131062183089;0.0335375901043903;0.0290007533633021;0.0272464432563487;0.0271745250961814;0.029292292828738;0.0343195547977314
0.9;1;0.169379556118622;0.168153951314508;0.176650608317396;0.897151602869945;0.189182767466089;0.742319092318652;0.836074013447273;0.0307871892372443;0.0260956977502545;0.0223131042318454;0.0221084475329382;0.027468180048968;0.0322326756659546;0.0183630328079971;0.0335375901043903;0.0290007533633021;0.0272464432563487;0.0271745250961814;0.029292292828738;0.0343195547977314;0.0209557243193137
0.9;1;0.168153951314508;0.176650608317396;0.897151602869945;0.189182767466089;0.742319092318652;0.836074013447273;0.719049653410603;0.0260956977502545;0.0223131042318454;0.0221084475329382;0.027468180048968;0.0322326756659546;0.0183630328079971;0.025941080934459;0.0290007533633021;0.0272464432563487;0.0271745250961814;0.029292292828738;0.0343195547977314;0.0209557243193137;0.0323248891288095
0.9;1;0.176650608317396;0.897151602869945;0.189182767466089;0.742319092318652;0.836074013447273;0.719049653410603;0.779328744344674;0.0223131042318454;0.0221084475329382;0.027468180048968;0.0322326756659546;0.0183630328079971;0.025941080934459;0.0244235103234401;0.0272464432563487;0.0271745250961814;0.029292292828738;0.0343195547977314;0.0209557243193137;0.0323248891288095;0.0291784250812194
0.9;1;0.897151602869945;0.189182767466089;0.742319092318652;0.836074013447273;0.719049653410603;0.779328744344674;0.898301894637362;0.0221084475329382;0.027468180048968;0.0322326756659546;0.0183630328079971;0.025941080934459;0.0244235103234401;0.0239395082083202;0.0271745250961814;0.029292292828738;0.0343195547977314;0.0209557243193137;0.0323248891288095;0.0291784250812194;0.0268983339658082
0.9;1;0.189182767466089;0.742319092318652;0.836074013447273;0.719049653410603;0.779328744344674;0.898301894637362;0.144969746830785;0.027468180048968;0.0322326756659546;0.0183630328079971;0.025941080934459;0.0244235103234401;0.0239395082083202;0.0286436196971176;0.029292292828738;0.0343195547977314;0.0209557243193137;0.0323248891288095;0.0291784250812194;0.0268983339658082;0.0347678171301935
0.9;1;0.742319092318652;0.836074013447273;0.719049653410603;0.779328744344674;0.898301894637362;0.144969746830785;0.836219597881067;0.0322326756659546;0.0183630328079971;0.025941080934459;0.0244235103234401;0.0239395082083202;0.0286436196971176;0.0206481658430193;0.0343195547977314;0.0209557243193137;0.0323248891288095;0.0291784250812194;0.0268983339658082;0.0347678171301935;0.0208212677993798
0.9;1;0.836074013447273;0.719049653410603;0.779328744344674;0.898301894637362;0.144969746830785;0.836219597881067;0.175881593102587;0.0183630328079971;0.025941080934459;0.0244235103234401;0.0239395082083202;0.0286436196971176;0.0206481658430193;0.0317519290363937;0.0209557243193137;0.0323248891288095;0.0291784250812194;0.0268983339658082;0.0347678171301935;0.0208212677993798;0.0352189296956051
0.9;1;0.719049653410603;0.779328744344674;0.898301894637362;0.144969746830785;0.836219597881067;0.175881593102587;0.513958580667273;0.025941080934459;0.0244235103234401;0.0239395082083202;0.0286436196971176;0.0206481658430193;0.0317519290363937;0.0283583771848012;0.0323248891288095;0.0291784250812194;0.0268983339658082;0.0347678171301935;0.0208212677993798;0.0352189296956051;0.033857393821926
0.9;1;0.779328744344674;0.898301894637362;0.144969746830785;0.836219597881067;0.175881593102587;0.513958580667273;0.176649127562475;0.0244235103234401;0.0239395082083202;0.0286436196971176;0.0206481658430193;0.0317519290363937;0.0283583771848012;0.0318948883172248;0.0291784250812194;0.0268983339658082;0.0347678171301935;0.0208212677993798;0.0352189296956051;0.033857393821926;0.0251978413456243
0.9;1;0.898301894637362;0.144969746830785;0.836219597881067;0.175881593102587;0.513958580667273;0.176649127562475;0.763449795074955;0.0239395082083202;0.0286436196971176;0.0206481658430193;0.0317519290363937;0.0283583771848012;0.0318948883172248;0.0270038998221099;0.0268983339658082;0.0347678171301935;0.0208212677993798;0.0352189296956051;0.033857393821926;0.0251978413456243;0.0292216551024171
0.9;1;0.144969746830785;0.836219597881067;0.175881593102587;0.513958580667273;0.176649127562475;0.763449795074955;0.853569867565943;0.0286436196971176;0.0206481658430193;0.0317519290363937;0.0283583771848012;0.0318948883172248;0.0270038998221099;0.0280930147193416;0.0347678171301935;0.0208212677993798;0.0352189296956051;0.033857393821926;0.0251978413456243;0.0292216551024171;0.0285042884353619
0.9;1;0.836219597881067;0.175881593102587;0.513958580667273;0.176649127562475;0.763449795074955;0.853569867565943;0.742828889712316;0.0206481658430193;0.0317519290363937;0.0283583771848012;0.0318948883172248;0.0270038998221099;0.0280930147193416;0.0221251930604282;0.0208212677993798;0.0352189296956051;0.033857393821926;0.0251978413456243;0.0292216551024171;0.0285042884353619;0.0270828983166285
0.9;1;0.175881593102587;0.513958580667273;0.176649127562475;0.763449795074955;0.853569867565943;0.742828889712316;0.88606003189405;0.0317519290363937;0.0283583771848012;0.0318948883172248;0.0270038998221099;0.0280930147193416;0.0221251930604282;0.019788294709818;0.0352189296956051;0.033857393821926;0.0251978413456243;0.0292216551024171;0.0285042884353619;0.0270828983166285;0.0230112504877062
0.9;1;0.513958580667273;0.176649127562475;0.763449795074955;0.853569867565943;0.742828889712316;0.88606003189405;0.70884773162847;0.0283583771848012;0.0318948883172248;0.0270038998221099;0.0280930147193416;0.0221251930604282;0.019788294709818;0.0270463295968434;0.033857393821926;0.0251978413456243;0.0292216551024171;0.0285042884353619;0.0270828983166285;0.0230112504877062;0.0284226034947433
0.9;1;0.176649127562475;0.763449795074955;0.853569867565943;0.742828889712316;0.88606003189405;0.70884773162847;0.761424181018646;0.0318948883172248;0.0270038998221099;0.0280930147193416;0.0221251930604282;0.019788294709818;0.0270463295968434;0.0250279951330356;0.0251978413456243;0.0292216551024171;0.0285042884353619;0.0270828983166285;0.0230112504877062;0.0284226034947433;0.0289354104957663
0.9;1;0.763449795074955;0.853569867565943;0.742828889712316;0.88606003189405;0.70884773162847;0.761424181018646;0.85025098318449;0.0270038998221099;0.0280930147193416;0.0221251930604282;0.019788294709818;0.0270463295968434;0.0250279951330356;0.0312550125298111;0.0292216551024171;0.0285042884353619;0.0270828983166285;0.0230112504877062;0.0284226034947433;0.0289354104957663;0.0288517083678833
0.9;1;0.853569867565943;0.742828889712316;0.88606003189405;0.70884773162847;0.761424181018646;0.85025098318449;0.700746153613176;0.0280930147193416;0.0221251930604282;0.019788294709818;0.0270463295968434;0.0250279951330356;0.0312550125298111;0.0343299877995632;0.0285042884353619;0.0270828983166285;0.0230112504877062;0.0284226034947433;0.0289354104957663;0.0288517083678833;0.032819895110362
0.9;1;0.742828889712316;0.88606003189405;0.70884773162847;0.761424181018646;0.85025098318449;0.700746153613176;0.850225143929602;0.0221251930604282;0.019788294709818;0.0270463295968434;0.0250279951330356;0.0312550125298111;0.0343299877995632;0.0236529322990239;0.0270828983166285;0.0230112504877062;0.0284226034947433;0.0289354104957663;0.0288517083678833;0.032819895110362;0.02603444786883
0.9;1;0.88606003189405;0.70884773162847;0.761424181018646;0.85025098318449;0.700746153613176;0.850225143929602;0.81966654959457;0.019788294709818;0.0270463295968434;0.0250279951330356;0.0312550125298111;0.0343299877995632;0.0236529322990239;0.0232535205435028;0.0230112504877062;0.0284226034947433;0.0289354104957663;0.0288517083678833;0.032819895110362;0.02603444786883;0.0266107401990541
0.9;1;0.70884773162847;0.761424181018646;0.85025098318449;0.700746153613176;0.850225143929602;0.81966654959457;0.890431644945539;0.0270463295968434;0.0250279951330356;0.0312550125298111;0.0343299877995632;0.0236529322990239;0.0232535205435028;0.0347353593071031;0.0284226034947433;0.0289354104957663;0.0288517083678833;0.032819895110362;0.02603444786883;0.0266107401990541;0.0336901227351392
0.9;1;0.761424181018646;0.85025098318449;0.700746153613176;0.850225143929602;0.81966654959457;0.890431644945539;0.735125826190723;0.0250279951330356;0.0312550125298111;0.0343299877995632;0.0236529322990239;0.0232535205435028;0.0347353593071031;0.0245545366863546;0.0289354104957663;0.0288517083678833;0.032819895110362;0.02603444786883;0.0266107401990541;0.0336901227351392;0.0250829496529845
0.9;1;0.85025098318449;0.700746153613176;0.850225143929602;0.81966654959457;0.890431644945539;0.735125826190723;0.749944294050588;0.0312550125298111;0.0343299877995632;0.0236529322990239;0.0232535205435028;0.0347353593071031;0.0245545366863546;0.0274177401180913;0.0288517083678833;0.032819895110362;0.02603444786883;0.0266107401990541;0.0336901227351392;0.0250829496529845;0.0303377184020718
0.92;1;0.927187590603624;0.921075248832869;0.923970485958441;0.922301519442466;0.924898109365058;0.924285303336973;0.925751153177725;0.00265148943806423;0.00265455651331989;0.00269276427216136;0.0027499524262349;0.00280680730125427;0.00271595761443623;0.0026748946296847;0.00384664859315916;0.00383403440816951;0.00385336864580373;0.00398750894494631;0.00395357990993034;0.00381697246038436;0.00383656195257618
0.92;1;0.921075248832869;0.923970485958441;0.922301519442466;0.924898109365058;0.924285303336973;0.925751153177725;0.931512291801067;0.00265455651331989;0.00269276427216136;0.0027499524262349;0.00280680730125427;0.00271595761443623;0.0026748946296847;0.0026882594197084;0.00383403440816951;0.00385336864580373;0.00398750894494631;0.00395357990993034;0.00381697246038436;0.00383656195257618;0.0037322202074066
0.92;1;0.923970485958441;0.922301519442466;0.924898109365058;0.924285303336973;0.925751153177725;0.931512291801067;0.9230685829266;0.00269276427216136;0.0027499524262349;0.00280680730125427;0.00271595761443623;0.0026748946296847;0.0026882594197084;0.00266415332732459;0.00385336864580373;0.00398750894494631;0.00395357990993034;0.00381697246038436;0.00383656195257618;0.0037322202074066;0.00373283426120032
0.92;1;0.922301519442466;0.924898109365058;0.924285303336973;0.925751153177725;0.931512291801067;0.9230685829266;0.922658933441283;0.0027499524262349;0.00280680730125427;0.00271595761443623;0.0026748946296847;0.0026882594197084;0.00266415332732459;0.00267012899955649;0.00398750894494631;0.00395357990993034;0.00381697246038436;0.00383656195257618;0.0037322202074066;0.00373283426120032;0.00370439943939277
0.92;1;0.924898109365058;0.924285303336973;0.925751153177725;0.931512291801067;0.9230685829266;0.922658933441283;0.19128802312313;0.00280680730125427;0.00271595761443623;0.0026748946296847;0.0026882594197084;0.00266415332732459;0.00267012899955649;0.0407875122158218;0.00395357990993034;0.00381697246038436;0.00383656195257618;0.0037322202074066;0.00373283426120032;0.00370439943939277;0.024759802179067
0.92;1;0.924285303336973;0.925751153177725;0.931512291801067;0.9230685829266;0.922658933441283;0.19128802312313;0.606505241226287;0.00271595761443623;0.0026748946296847;0.0026882594197084;0.00266415332732459;0.00267012899955649;0.0407875122158218;0.0198353032371408;0.00381697246038436;0.00383656195257618;0.0037322202074066;0.00373283426120032;0.00370439943939277;0.024759802179067;0.0110550420473486
0.92;1;0.925751153177725;0.931512291801067;0.9230685829266;0.922658933441283;0.19128802312313;0.606505241226287;0.765069082285894;0.0026748946296847;0.0026882594197084;0.00266415332732459;0.00267012899955649;0.0407875122158218;0.0198353032371408;0.0222938097902854;0.00383656195257618;0.0037322202074066;0.00373283426120032;0.00370439943939277;0.024759802179067;0.0110550420473486;0.00810163161714273
0.92;1;0.931512291801067;0.9230685829266;0.922658933441283;0.19128802312313;0.606505241226287;0.765069082285894;0.786059923629986;0.0026882594197084;0.00266415332732459;0.00267012899955649;0.0407875122158218;0.0198353032371408;0.0222938097902854;0.00703598190562444;0.0037322202074066;0.00373283426120032;0.00370439943939277;0.024759802179067;0.0110550420473486;0.00810163161714273;0.00556197933941229
0.92;1;0.9230685829266;0.922658933441283;0.19128802312313;0.606505241226287;0.765069082285894;0.786059923629986;0.781918609821463;0.00266415332732459;0.00267012899955649;0.0407875122158218;0.0198353032371408;0.0222938097902854;0.00703598190562444;0.010844450894685;0.00373283426120032;0.00370439943939277;0.024759802179067;0.0110550420473486;0.00810163161714273;0.00556197933941229;0.00579399390853698
0.92;1;0.922658933441283;0.19128802312313;0.606505241226287;0.765069082285894;0.786059923629986;0.781918609821463;0.77815714057846;0.00267012899955649;0.0407875122158218;0.0198353032371408;0.0222938097902854;0.00703598190562444;0.010844450894685;0.0139941337612572;0.00370439943939277;0.024759802179067;0.0110550420473486;0.00810163161714273;0.00556197933941229;0.00579399390853698;0.00498298834663952
0.92;1;0.19128802312313;0.606505241226287;0.765069082285894;0.786059923629986;0.781918609821463;0.77815714057846;0.77688600484976;0.0407875122158218;0.0198353032371408;0.0222938097902854;0.00703598190562444;0.010844450894685;0.0139941337612572;0.0149346373212485;0.024759802179067;0.0110550420473486;0.00810163161714273;0.00556197933941229;0.00579399390853698;0.00498298834663952;0.00558772501955091
0.92;1;0.606505241226287;0.765069082285894;0.786059923629986;0.781918609821463;0.77815714057846;0.77688600484976;0.745512728401045;0.0198353032371408;0.0222938097902854;0.00703598190562444;0.010844450894685;0.0139941337612572;0.0149346373212485;0.0115742083666309;0.0110550420473486;0.00810163161714273;0.00556197933941229;0.00579399390853698;0.00498298834663952;0.00558772501955091;0.00467285373611246
0.92;1;0.765069082285894;0.786059923629986;0.781918609821463;0.77815714057846;0.77688600484976;0.745512728401045;0.7465840952503;0.0222938097902854;0.00703598190562444;0.010844450894685;0.0139941337612572;0.0149346373212485;0.0115742083666309;0.0172368047099626;0.00810163161714273;0.00556197933941229;0.00579399390853698;0.00498298834663952;0.00558772501955091;0.00467285373611246;0.00475045316554568
0.92;1;0.786059923629986;0.781918609821463;0.77815714057846;0.77688600484976;0.745512728401045;0.7465840952503;0.7847384705167;0.00703598190562444;0.010844450894685;0.0139941337612572;0.0149346373212485;0.0115742083666309;0.0172368047099626;0.00924132346769957;0.00556197933941229;0.00579399390853698;0.00498298834663952;0.00558772501955091;0.00467285373611246;0.00475045316554568;0.00441433762458027
0.92;1;0.781918609821463;0.77815714057846;0.77688600484976;0.745512728401045;0.7465840952503;0.7847384705167;0.786966058460848;0.010844450894685;0.0139941337612572;0.0149346373212485;0.0115742083666309;0.0172368047099626;0.00924132346769957;0.0131342123853535;0.00579399390853698;0.00498298834663952;0.00558772501955091;0.00467285373611246;0.00475045316554568;0.00441433762458027;0.00528434435938687
0.92;1;0.77815714057846;0.77688600484976;0.745512728401045;0.7465840952503;0.7847384705167;0.786966058460848;0.789722644518506;0.0139941337612572;0.0149346373212485;0.0115742083666309;0.0172368047099626;0.00924132346769957;0.0131342123853535;0.0264503647156296;0.00498298834663952;0.00558772501955091;0.00467285373611246;0.00475045316554568;0.00441433762458027;0.00528434435938687;0.00600622777206746
0.92;1;0.77688600484976;0.745512728401045;0.7465840952503;0.7847384705167;0.786966058460848;0.789722644518506;0.787702987281253;0.0149346373212485;0.0115742083666309;0.0172368047099626;0.00924132346769957;0.0131342123853535;0.0264503647156296;0.0145337195351782;0.00558772501955091;0.00467285373611246;0.00475045316554568;0.00441433762458027;0.00528434435938687;0.00600622777206746;0.00456033306989669
0.92;1;0.745512728401045;0.7465840952503;0.7847384705167;0.786966058460848;0.789722644518506;0.787702987281253;0.760520040421019;0.0115742083666309;0.0172368047099626;0.00924132346769957;0.0131342123853535;0.0264503647156296;0.0145337195351782;0.0289075749763734;0.00467285373611246;0.00475045316554568;0.00441433762458027;0.00528434435938687;0.00600622777206746;0.00456033306989669;0.00590925041880635
0.92;1;0.7465840952503;0.7847384705167;0.786966058460848;0.789722644518506;0.787702987281253;0.760520040421019;0.700138317227289;0.0172368047099626;0.00924132346769957;0.0131342123853535;0.0264503647156296;0.0145337195351782;0.0289075749763734;0.0243697349382767;0.00475045316554568;0.00441433762458027;0.00528434435938687;0.00600622777206746;0.00456033306989669;0.00590925041880635;0.00462079294631799
0.92;1;0.7847384705167;0.786966058460848;0.789722644518506;0.787702987281253;0.760520040421019;0.700138317227289;0.754551290611573;0.00924132346769957;0.0131342123853535;0.0264503647156296;0.0145337195351782;0.0289075749763734;0.0243697349382767;0.023456740328134;0.00441433762458027;0.00528434435938687;0.00600622777206746;0.00456033306989669;0.00590925041880635;0.00462079294631799;0.00540163251167804
0.92;1;0.786966058460848;0.789722644518506;0.787702987281253;0.760520040421019;0.700138317227289;0.754551290611573;0.760703405514664;0.0131342123853535;0.0264503647156296;0.0145337195351782;0.0289075749763734;0.0243697349382767;0.023456740328134;0.014040244203901;0.00528434435938687;0.00600622777206746;0.00456033306989669;0.00590925041880635;0.00462079294631799;0.00540163251167804;0.00485958400366762
0.92;1;0.789722644518506;0.787702987281253;0.760520040421019;0.700138317227289;0.754551290611573;0.760703405514664;0.904080590156853;0.0264503647156296;0.0145337195351782;0.0289075749763734;0.0243697349382767;0.023456740328134;0.014040244203901;0.00469422067179083;0.00600622777206746;0.00456033306989669;0.00590925041880635;0.00462079294631799;0.00540163251167804;0.00485958400366762;0.00471671452517845
0.92;1;0.787702987281253;0.760520040421019;0.700138317227289;0.754551290611573;0.760703405514664;0.904080590156853;0.789452207006928;0.0145337195351782;0.0289075749763734;0.0243697349382767;0.023456740328134;0.014040244203901;0.00469422067179083;0.0106172280714569;0.00456033306989669;0.00590925041880635;0.00462079294631799;0.00540163251167804;0.00485958400366762;0.00471671452517845;0.00499425481771483
0.92;1;0.760520040421019;0.700138317227289;0.754551290611573;0.760703405514664;0.904080590156853;0.789452207006928;0.702104211556183;0.0289075749763734;0.0243697349382767;0.023456740328134;0.014040244203901;0.00469422067179083;0.0106172280714569;0.0240600659229783;0.00590925041880635;0.00462079294631799;0.00540163251167804;0.00485958400366762;0.00471671452517845;0.00499425481771483;0.00497264083069915
0.92;1;0.700138317227289;0.754551290611573;0.760703405514664;0.904080590156853;0.789452207006928;0.702104211556183;0.778744421906931;0.0243697349382767;0.023456740328134;0.014040244203901;0.00469422067179083;0.0106172280714569;0.0240600659229783;0.0194833654384486;0.00462079294631799;0.00540163251167804;0.00485958400366762;0.00471671452517845;0.00499425481771483;0.00497264083069915;0.00535711576924138
0.92;1;0.754551290611573;0.760703405514664;0.904080590156853;0.789452207006928;0.702104211556183;0.778744421906931;0.770643457604656;0.023456740328134;0.014040244203901;0.00469422067179083;0.0106172280714569;0.0240600659229783;0.0194833654384486;0.019386856513358;0.00540163251167804;0.00485958400366762;0.00471671452517845;0.00499425481771483;0.00497264083069915;0.00535711576924138;0.00469442014212186
0.92;1;0.760703405514664;0.904080590156853;0.789452207006928;0.702104211556183;0.778744421906931;0.770643457604656;0.782287767041271;0.014040244203901;0.00469422067179083;0.0106172280714569;0.0240600659229783;0.0194833654384486;0.019386856513358;0.0199112235796628;0.00485958400366762;0.00471671452517845;0.00499425481771483;0.00497264083069915;0.00535711576924138;0.00469442014212186;0.00483149208552552
0.92;1;0.904080590156853;0.789452207006928;0.702104211556183;0.778744421906931;0.770643457604656;0.782287767041271;0.785927836875712;0.00469422067179083;0.0106172280714569;0.0240600659229783;0.0194833654384486;0.019386856513358;0.0199112235796628;0.0205176629243154;0.00471671452517845;0.00499425481771483;0.00497264083069915;0.00535711576924138;0.00469442014212186;0.00483149208552552;0.0051389841212498
0.92;1;0.789452207006928;0.702104211556183;0.778744421906931;0.770643457604656;0.782287767041271;0.785927836875712;0.780525130669138;0.0106172280714569;0.0240600659229783;0.0194833654384486;0.019386856513358;0.0199112235796628;0.0205176629243154;0.0245479637307475;0.00499425481771483;0.00497264083069915;0.00535711576924138;0.00469442014212186;0.00483149208552552;0.0051389841212498;0.00509929290766555
0.92;1;0.702104211556183;0.778744421906931;0.770643457604656;0.782287767041271;0.785927836875712;0.780525130669138;0.696451960997547;0.0240600659229783;0.0194833654384486;0.019386856513358;0.0199112235796628;0.0205176629243154;0.0245479637307475;0.00861575450363467;0.00497264083069915;0.00535711576924138;0.00469442014212186;0.00483149208552552;0.0051389841212498;0.00509929290766555;0.00432197208167659
0.92;1;0.778744421906931;0.770643457604656;0.782287767041271;0.785927836875712;0.780525130669138;0.696451960997547;0.703405328800012;0.0194833654384486;0.019386856513358;0.0199112235796628;0.0205176629243154;0.0245479637307475;0.00861575450363467;0.00831634803077496;0.00535711576924138;0.00469442014212186;0.00483149208552552;0.0051389841212498;0.00509929290766555;0.00432197208167659;0.0041987686188853
0.92;1;0.770643457604656;0.782287767041271;0.785927836875712;0.780525130669138;0.696451960997547;0.703405328800012;0.792387253622574;0.019386856513358;0.0199112235796628;0.0205176629243154;0.0245479637307475;0.00861575450363467;0.00831634803077496;0.0308843607762341;0.00469442014212186;0.00483149208552552;0.0051389841212498;0.00509929290766555;0.00432197208167659;0.0041987686188853;0.00572630423875998
0.92;1;0.782287767041271;0.785927836875712;0.780525130669138;0.696451960997547;0.703405328800012;0.792387253622574;0.787872026483209;0.0199112235796628;0.0205176629243154;0.0245479637307475;0.00861575450363467;0.00831634803077496;0.0308843607762341;0.0239719427121291;0.00483149208552552;0.0051389841212498;0.00509929290766555;0.00432197208167659;0.0041987686188853;0.00572630423875998;0.00529623594638735
0.92;1;0.785927836875712;0.780525130669138;0.696451960997547;0.703405328800012;0.792387253622574;0.787872026483209;0.792322758282143;0.0205176629243154;0.0245479637307475;0.00861575450363467;0.00831634803077496;0.0308843607762341;0.0239719427121291;0.0159369226100575;0.0051389841212498;0.00509929290766555;0.00432197208167659;0.0041987686188853;0.00572630423875998;0.00529623594638735;0.00509242563451186
0.92;1;0.780525130669138;0.696451960997547;0.703405328800012;0.792387253622574;0.787872026483209;0.792322758282143;0.849614680120058;0.0245479637307475;0.00861575450363467;0.00831634803077496;0.0308843607762341;0.0239719427121291;0.0159369226100575;0.014863546195894;0.00509929290766555;0.00432197208167659;0.0041987686188853;0.00572630423875998;0.00529623594638735;0.00509242563451186;0.00501508096696054
0.92;1;0.696451960997547;0.703405328800012;0.792387253622574;0.787872026483209;0.792322758282143;0.849614680120058;0.785432294459937;0.00861575450363467;0.00831634803077496;0.0308843607762341;0.0239719427121291;0.0159369226100575;0.014863546195894;0.00897341499054415;0.00432197208167659;0.0041987686188853;0.00572630423875998;0.00529623594638735;0.00509242563451186;0.00501508096696054;0.00506227593357394
0.92;1;0.703405328800012;0.792387253622574;0.787872026483209;0.792322758282143;0.849614680120058;0.785432294459937;0.747711154129759;0.00831634803077496;0.0308843607762341;0.0239719427121291;0.0159369226100575;0.014863546195894;0.00897341499054415;0.0261986001467182;0.0041987686188853;0.00572630423875998;0.00529623594638735;0.00509242563451186;0.00501508096696054;0.00506227593357394;0.00721651860526107